id,composer_id,composer
1727,0,Schubert
1728,0,Schubert
1729,0,Schubert
1730,0,Schubert
1733,0,Schubert
1734,0,Schubert
1735,0,Schubert
1739,0,Schubert
1742,0,Schubert
1749,0,Schubert
1750,0,Schubert
1751,0,Schubert
1752,0,Schubert
1755,0,Schubert
1756,0,Schubert
1757,0,Schubert
1758,0,Schubert
1759,0,Schubert
1760,0,Schubert
1763,0,Schubert
1764,0,Schubert
1765,0,Schubert
1766,0,Schubert
1768,0,Schubert
1771,0,Schubert
1772,0,Schubert
1773,0,Schubert
1775,0,Schubert
1776,0,Schubert
1777,0,Schubert
1788,1,Mozart
1789,1,Mozart
1790,1,Mozart
1791,1,Mozart
1792,1,Mozart
1793,1,Mozart
1805,1,Mozart
1807,1,Mozart
1811,1,Mozart
1812,1,Mozart
1813,1,Mozart
1817,1,Mozart
1818,1,Mozart
1819,1,Mozart
1822,1,Mozart
1824,1,Mozart
1828,1,Mozart
1829,1,Mozart
1835,1,Mozart
1859,1,Mozart
1872,1,Mozart
1873,1,Mozart
1876,1,Mozart
1893,1,Mozart
1916,2,Dvorak
1918,2,Dvorak
1919,2,Dvorak
1922,2,Dvorak
1923,2,Dvorak
1931,2,Dvorak
1932,2,Dvorak
1933,2,Dvorak
2075,3,Cambini
2076,3,Cambini
2077,3,Cambini
2078,3,Cambini
2079,3,Cambini
2080,3,Cambini
2081,3,Cambini
2082,3,Cambini
2083,3,Cambini
2104,4,Haydn
2105,4,Haydn
2106,4,Haydn
2112,5,Brahms
2113,5,Brahms
2114,5,Brahms
2116,5,Brahms
2117,5,Brahms
2118,5,Brahms
2119,5,Brahms
2127,5,Brahms
2131,5,Brahms
2138,5,Brahms
2140,5,Brahms
2147,5,Brahms
2148,5,Brahms
2149,5,Brahms
2150,5,Brahms
2151,5,Brahms
2154,5,Brahms
2155,5,Brahms
2156,5,Brahms
2157,5,Brahms
2158,5,Brahms
2159,5,Brahms
2160,5,Brahms
2161,5,Brahms
2166,6,Faure
2167,6,Faure
2168,6,Faure
2169,6,Faure
2177,7,Ravel
2178,7,Ravel
2179,7,Ravel
2180,7,Ravel
2186,8,Bach
2191,8,Bach
2194,8,Bach
2195,8,Bach
2196,8,Bach
2198,8,Bach
2200,8,Bach
2201,8,Bach
2202,8,Bach
2203,8,Bach
2204,8,Bach
2207,8,Bach
2208,8,Bach
2209,8,Bach
2210,8,Bach
2211,8,Bach
2212,8,Bach
2213,8,Bach
2214,8,Bach
2215,8,Bach
2217,8,Bach
2218,8,Bach
2219,8,Bach
2220,8,Bach
2221,8,Bach
2222,8,Bach
2224,8,Bach
2225,8,Bach
2227,8,Bach
2228,8,Bach
2229,8,Bach
2230,8,Bach
2231,8,Bach
2232,8,Bach
2234,8,Bach
2237,8,Bach
2238,8,Bach
2239,8,Bach
2240,8,Bach
2241,8,Bach
2242,8,Bach
2243,8,Bach
2244,8,Bach
2247,8,Bach
2248,8,Bach
2282,8,Bach
2283,8,Bach
2284,8,Bach
2285,8,Bach
2288,8,Bach
2289,8,Bach
2292,8,Bach
2293,8,Bach
2294,8,Bach
2295,8,Bach
2296,8,Bach
2297,8,Bach
2298,8,Bach
2300,8,Bach
2302,8,Bach
2303,8,Bach
2304,8,Bach
2305,8,Bach
2307,8,Bach
2308,8,Bach
2310,8,Bach
2313,9,Beethoven
2314,9,Beethoven
2315,9,Beethoven
2318,9,Beethoven
2319,9,Beethoven
2320,9,Beethoven
2322,9,Beethoven
2325,9,Beethoven
2330,9,Beethoven
2334,9,Beethoven
2335,9,Beethoven
2336,9,Beethoven
2341,9,Beethoven
2342,9,Beethoven
2343,9,Beethoven
2345,9,Beethoven
2346,9,Beethoven
2348,9,Beethoven
2350,9,Beethoven
2357,9,Beethoven
2358,9,Beethoven
2359,9,Beethoven
2364,9,Beethoven
2365,9,Beethoven
2366,9,Beethoven
2368,9,Beethoven
2371,9,Beethoven
2372,9,Beethoven
2373,9,Beethoven
2374,9,Beethoven
2376,9,Beethoven
2377,9,Beethoven
2379,9,Beethoven
2381,9,Beethoven
2382,9,Beethoven
2383,9,Beethoven
2384,9,Beethoven
2388,9,Beethoven
2389,9,Beethoven
2390,9,Beethoven
2391,9,Beethoven
2392,9,Beethoven
2393,9,Beethoven
2397,9,Beethoven
2398,9,Beethoven
2403,9,Beethoven
2404,9,Beethoven
2405,9,Beethoven
2406,9,Beethoven
2410,9,Beethoven
2411,9,Beethoven
2415,9,Beethoven
2416,9,Beethoven
2417,9,Beethoven
2420,9,Beethoven
2422,9,Beethoven
2423,9,Beethoven
2424,9,Beethoven
2431,9,Beethoven
2432,9,Beethoven
2433,9,Beethoven
2436,9,Beethoven
2441,9,Beethoven
2442,9,Beethoven
2443,9,Beethoven
2444,9,Beethoven
2451,9,Beethoven
2462,9,Beethoven
2463,9,Beethoven
2466,9,Beethoven
2471,9,Beethoven
2472,9,Beethoven
2473,9,Beethoven
2476,9,Beethoven
2477,9,Beethoven
2478,9,Beethoven
2480,9,Beethoven
2481,9,Beethoven
2482,9,Beethoven
2483,9,Beethoven
2486,9,Beethoven
2487,9,Beethoven
2488,9,Beethoven
2490,9,Beethoven
2491,9,Beethoven
2492,9,Beethoven
2494,9,Beethoven
2497,9,Beethoven
2501,9,Beethoven
2502,9,Beethoven
2504,9,Beethoven
2505,9,Beethoven
2506,9,Beethoven
2507,9,Beethoven
2509,9,Beethoven
2510,9,Beethoven
2512,9,Beethoven
2514,9,Beethoven
2516,9,Beethoven
2521,9,Beethoven
2522,9,Beethoven
2523,9,Beethoven
2527,9,Beethoven
2528,9,Beethoven
2529,9,Beethoven
2530,9,Beethoven
2531,9,Beethoven
2532,9,Beethoven
2533,9,Beethoven
2537,9,Beethoven
2538,9,Beethoven
2540,9,Beethoven
2542,9,Beethoven
2550,9,Beethoven
2555,9,Beethoven
2556,9,Beethoven
2557,9,Beethoven
2560,9,Beethoven
2562,9,Beethoven
2564,9,Beethoven
2566,9,Beethoven
2567,9,Beethoven
2568,9,Beethoven
2570,9,Beethoven
2571,9,Beethoven
2572,9,Beethoven
2573,9,Beethoven
2575,9,Beethoven
2576,9,Beethoven
2581,9,Beethoven
2582,9,Beethoven
2586,9,Beethoven
2588,9,Beethoven
2590,9,Beethoven
2591,9,Beethoven
2593,9,Beethoven
2594,9,Beethoven
2595,9,Beethoven
2596,9,Beethoven
2603,9,Beethoven
2607,9,Beethoven
2608,9,Beethoven
2611,9,Beethoven
2614,9,Beethoven
2618,9,Beethoven
2619,9,Beethoven
2620,9,Beethoven
2621,9,Beethoven
2622,9,Beethoven
2626,9,Beethoven
2627,9,Beethoven
2628,9,Beethoven
2629,9,Beethoven
2632,9,Beethoven
2633,9,Beethoven
2659,8,Bach
2677,9,Beethoven
2678,9,Beethoven